config,seed,score,max_tile,moves
base,2048,51392,4096,2338
base,99991,26728,2048,1371
base,777001,31696,2048,1622
base,424242,61488,4096,2894
corner600,2048,32372,2048,1660
corner600,99991,25156,1024,1403
corner600,777001,36488,2048,1914
corner600,424242,60280,4096,2798
corner850,2048,16116,1024,948
corner850,99991,21472,1024,1206
corner850,777001,36156,2048,1875
corner850,424242,24132,1024,1351
snake30,2048,37740,2048,1971
snake30,99991,7184,512,489
snake30,777001,33084,2048,1724
snake30,424242,28700,2048,1507
empty160,2048,24028,2048,1249
empty160,99991,34092,2048,1715
empty160,777001,15820,1024,944
empty160,424242,60560,4096,2826
mono75,2048,23512,2048,1213
mono75,99991,60688,4096,2825
mono75,777001,33356,2048,1746
mono75,424242,37240,2048,1933
mix1,2048,34808,2048,1775
mix1,99991,15620,1024,908
mix1,777001,24588,2048,1289
mix1,424242,27884,2048,1462
mix2,2048,53976,4096,2402
mix2,99991,31268,2048,1583
mix2,777001,8560,512,593
mix2,424242,25812,2048,1329
